rally_uid,actionId,pointId,serverGetPoint
15188,7,9,0.5944656109199022
15191,4,9,0.5948197121926324
15194,6,8,0.453708649330016
15198,1,9,0.5232682317180146
15201,7,8,0.5819554396101188
15204,7,9,0.5942270019972166
15207,1,8,0.5971450724473026
15210,6,0,0.6881466448214661
15213,0,0,0.7380005571384248
15217,6,8,0.709222376753755
15220,6,8,0.5899935143626941
15223,13,0,0.7178578263881695
15226,1,9,0.4791412259657283
15229,6,8,0.5650693892853415
15232,1,9,0.5312413686618584
15235,11,2,0.5873668360697302
15238,11,1,0.5982808870692033
15242,1,9,0.5884355453049015
15245,13,0,0.7527289216705242
15249,6,8,0.6066643224474515
15253,6,8,0.5246356877605943
15256,7,9,0.5688056301574114
15259,1,9,0.6805161960118646
15263,1,9,0.5217143860879201
15267,13,0,0.7490601451001322
15271,1,9,0.5926200173337549
15274,6,7,0.4146375862241749
15277,11,9,0.585642794738347
15281,1,7,0.5383264257241189
15284,13,0,0.3385427172832301
15287,1,9,0.486438322283114
15291,1,9,0.48501029280156976
15294,2,0,0.721898270533317
15295,13,0,0.2693095796992394
15299,1,9,0.5257939329130331
15303,1,0,0.42846060946488673
15306,1,9,0.4499252913981101
15310,11,2,0.5461405318657655
15312,11,2,0.5892289686289036
15316,13,0,0.6773200196107731
15319,1,0,0.343356216669376
15323,6,9,0.6602483628134248
15327,13,0,0.7016672791719113
15329,13,0,0.2693095796992394
15335,2,0,0.3442303306031923
15338,11,2,0.5960535274437192
15344,13,9,0.41892042664694684
15347,6,9,0.6064526935808974
15350,1,0,0.4177167688111142
15354,1,9,0.5388369027377081
15358,2,9,0.5790803674383421
15362,13,0,0.7160893361453683
15366,14,0,0.31244766108263905
15370,9,7,0.5225707265690541
15374,9,9,0.5831443130930695
15377,10,8,0.4637997330603122
15381,9,9,0.6149151605252581
15384,4,0,0.6306869832757407
15387,10,6,0.5902757393238418
15390,9,6,0.516161736407231
15393,1,9,0.49187200708577783
15397,9,0,0.7153744973789062
15401,1,8,0.46483433428139287
15403,1,8,0.5944117465530495
15406,9,0,0.5730736659343689
15410,9,9,0.599527764564824
15413,9,7,0.5295403276185136
15416,9,7,0.36831573214102986
15418,9,0,0.5934938824646161
15422,13,0,0.7282418853907533
15426,9,9,0.5499075248668079
15430,9,9,0.6019051836365473
15433,9,9,0.4388814974449995
15436,9,7,0.47829059316010414
15440,9,9,0.49693986622722724
15442,7,2,0.5110257104236489
15446,13,0,0.3564255472021155
15450,11,1,0.5779272764724177
15454,2,0,0.6838159898123626
15457,2,0,0.3827038490129995
15460,2,0,0.4648850350937869
15463,13,0,0.30960722865723356
15466,2,9,0.44929620487780353
15470,11,2,0.5571699031993058
15474,4,9,0.6068996900877175
15478,13,0,0.31704619562440994
15482,0,0,0.6825004864763424
15485,3,7,0.5241788491079938
15488,1,0,0.6494341947006341
15492,4,2,0.582828062628431
15495,4,5,0.5719994808722008
15498,7,2,0.5353837977631387
15501,11,2,0.5748666390244226
15504,6,0,0.40859157172309557
15507,6,9,0.45055539886983986
15511,11,2,0.578891078957516
15514,2,9,0.40181828739169356
15518,2,0,0.34460667632057995
15522,0,0,0.7483608189776652
15523,1,5,0.5327709588134896
15527,12,6,0.4343509736551189
15530,1,5,0.5259172293492903
15533,1,6,0.5060439646560952
15537,1,5,0.4888926826418045
15541,10,5,0.5729804547856958
15543,12,5,0.5226481586393854
15547,12,6,0.5247078369003692
15551,3,5,0.4876080942272649
15554,1,5,0.5161559372932483
15558,12,4,0.3950855813378128
15561,10,6,0.53109960383725
15563,10,4,0.5743125260870412
15566,12,4,0.5307603182591143
15569,1,5,0.4791038798626587
15573,12,6,0.5738323566466152
15576,1,5,0.528708031946335
15579,1,5,0.500568489110025
15583,12,5,0.5144982285411006
15585,10,6,0.580869445304151
15588,10,4,0.52422083047596
15592,12,5,0.46626205714230595
15596,1,5,0.5013648424602857
15599,13,0,0.7363272390510014
15602,10,5,0.5453802224110458
15603,1,5,0.5832579560086504
15607,10,6,0.5156401489294158
15610,1,5,0.462573096087888
15613,12,5,0.7341394365649261
15616,1,5,0.5382740840225044
15619,12,0,0.3141400029913606
15622,12,0,0.38162956627845596
15626,6,6,0.6418461310014384
15629,12,0,0.6942776626956938
15632,3,7,0.5033588132651602
15635,13,0,0.5796813760769003
15639,1,6,0.6214423621829428
15641,12,5,0.6745400055449821
15645,1,7,0.4494157319121138
15649,12,6,0.6142324719602195
15652,11,5,0.5322162362269334
15655,3,6,0.5857497145042007
15659,12,0,0.2636734842991699
15660,12,0,0.35370430655251517
15664,12,4,0.5283897886886094
15668,10,1,0.540988682608743
15672,10,6,0.5444154917465553
15675,12,6,0.6191705460152439
15678,12,0,0.42620803537134766
15681,10,6,0.6253569052665138
15684,12,5,0.7205113396568569
15688,1,6,0.49985864955498055
15691,12,4,0.5324300657190815
15694,10,6,0.5155698195012092
15695,10,9,0.6046066987474082
15704,5,9,0.3926253233649896
15707,1,9,0.5125516879739667
15710,4,9,0.5809536298698961
15713,5,9,0.5450333347708101
15720,1,9,0.5697736485350227
15723,1,8,0.46551535389262777
15727,6,9,0.5672537696268508
15731,10,5,0.6095435481906482
15732,13,9,0.5741130355090529
15735,5,8,0.49351081907395755
15739,13,8,0.5992967688528432
15742,6,9,0.43115706521855884
15746,6,9,0.3681327438270133
15748,13,0,0.3287213981289574
15751,4,9,0.6038915693934763
15754,1,7,0.5377131550874287
15757,1,4,0.5004066766452683
15761,1,9,0.6375706853209588
15765,4,8,0.6076673877822752
15769,2,8,0.37714598527371634
15773,10,4,0.5866180052303154
15777,1,7,0.5162113861781799
15780,7,9,0.4767391303926193
15783,1,8,0.5192039534360338
15786,13,0,0.7348588851208276
15789,2,0,0.40334483469725935
15793,1,8,0.5087262476449907
15796,4,9,0.5745468407402048
15799,1,7,0.47602633998755395
15802,10,8,0.6274013346993867
15805,1,7,0.5968567377180065
15809,1,8,0.5106677279043675
15812,7,9,0.6174405259061418
15815,1,8,0.6071485218488919
15818,1,9,0.5697736485350227
15822,1,9,0.51305948586108
15826,1,5,0.511981265867535
15829,10,7,0.5775499735558913
15832,7,9,0.5879133361571112
15836,1,8,0.4969251865519429
15839,7,9,0.6166942746914362
15841,1,9,0.672787712253091
15844,14,0,0.30398834584062856
15847,4,9,0.6120448890831429
15850,6,9,0.6448844902912847
15853,1,8,0.4888028271093496
15857,2,0,0.3315259182804039
15862,4,5,0.612912558250239
15865,13,0,0.776697320922013
15869,1,0,0.3812262410619799
15872,1,9,0.5470779217645366
15875,4,4,0.5666010010951119
15879,13,0,0.7100922834959442
15882,13,0,0.6579973953664551
15885,5,0,0.3059146991055911
15889,1,9,0.46038690179050745
15893,4,9,0.5640101612124193
15897,13,0,0.6095402121820498
15901,1,9,0.4994195436991695
15905,4,9,0.5560795192147769
15907,13,8,0.3823828480741265
15910,1,9,0.49700008235985144
15914,5,8,0.4079412922561715
15917,4,9,0.5660986798459215
15920,1,7,0.5103234223847319
15923,5,9,0.46378790882738496
15927,13,0,0.3646818237873497
15930,13,8,0.5843469070308377
15933,4,9,0.5453419525038553
15937,4,9,0.5371622879268761
15940,6,8,0.4738915567127454
15942,5,7,0.4308491085450652
15945,1,9,0.5075262522372335
15948,2,0,0.3466218547118164
15951,2,0,0.40329221024943024
15954,1,9,0.47679702966740256
15957,1,8,0.5295072619989516
15961,1,7,0.53938188106647
15964,9,9,0.45828776429184825
15967,1,7,0.4815915237635792
15970,9,0,0.6556190861548417
15973,5,0,0.4671628802874308
15977,13,0,0.44519361578294825
15981,1,7,0.5847979868137099
15985,1,8,0.6104987475050816
15988,5,7,0.4878036369011366
15992,3,7,0.4797125427082721
15995,9,7,0.5861443894187968
15999,1,7,0.46766608322909764
16003,10,6,0.4808713920702279
16006,1,7,0.5349941886563789
16010,9,0,0.3483495762790383
16014,10,8,0.5843560565562156
16017,4,0,0.5946204080383639
16020,13,9,0.42065286909186594
16023,1,9,0.6002341059118931
16027,1,8,0.5365324319851019
16030,1,7,0.47810811710243073
16032,1,9,0.640799868675599
16035,13,0,0.5936688209646063
16039,13,0,0.6951116205758459
16042,1,0,0.3232727778541715
16046,10,4,0.6118943554411725
16049,1,0,0.59197778767534
16052,6,8,0.45926333394430996
16056,1,0,0.6314201931453228
16060,4,0,0.6115243347458484
16063,4,4,0.5692664259585384
16064,1,0,0.5227407200848301
16068,6,0,0.4324583782147746
16071,1,0,0.5777379555142739
16075,1,0,0.6709147238585601
16078,4,5,0.6187127544485207
16081,10,4,0.5983136521036161
16085,6,9,0.5682115169792047
16088,4,9,0.5849497522555657
16091,1,7,0.533081207047548
16094,13,0,0.4082532001274781
16098,13,0,0.35993574891248864
16102,1,4,0.6134356926048616
16105,6,0,0.6191974553910863
16106,6,8,0.5630533828381443
16109,1,0,0.6537239846418681
16113,4,6,0.5852866863437856
16117,2,0,0.5896885520157829
16121,13,0,0.5663947150439033
16124,4,5,0.5929689344045018
16127,1,0,0.5023861896551574
16131,13,0,0.6186156668745135
16135,1,7,0.5105322224408538
16138,4,5,0.6191131461248822
16141,1,7,0.4760617922985221
16144,0,0,0.742831762706612
16147,4,5,0.5996415482217802
16151,2,9,0.461057055786643
16154,2,9,0.4699722512253481
16158,6,9,0.432671872775079
16162,13,8,0.6779496187088282
16165,2,0,0.39717797658031395
16168,2,9,0.6091894778056256
16170,4,5,0.592179941145411
16173,11,2,0.5511473994913114
16176,13,0,0.7736026213635591
16183,11,2,0.5570040475698274
16187,11,5,0.5749753598915137
16189,11,2,0.5915091142361364
16192,4,5,0.5948865903739207
16196,2,8,0.5414678915284447
16200,13,0,0.717164806253139
16203,1,5,0.5251320789075669
16205,7,2,0.5338034407128512
16208,4,9,0.6000031271506489
16211,2,0,0.3763191132408101
16214,11,2,0.5790555514610989
16218,1,9,0.5215183775433044
16222,11,2,0.5021705162575809
16223,1,0,0.6170833322249915
16226,10,9,0.5620046251751192
16229,10,9,0.5727833707920623
16232,5,9,0.4439411970077164
16236,11,2,0.5869618028751775
16239,6,0,0.5901708353249853
16242,5,9,0.5969314812021824
16246,1,7,0.5523332582419902
16249,10,9,0.5625074072806522
16252,5,9,0.4084817956408181
16256,1,0,0.6737738259749826
16259,10,9,0.5276938968048666
16262,10,9,0.5774795316601185
16266,10,6,0.5536440069476508
16269,10,8,0.5625074072806522
16273,6,9,0.3892587829367525
16276,2,0,0.38050504522722095
16279,1,9,0.5234645921173002
16283,6,9,0.5838905873500686
16287,10,9,0.6094677715228518
16288,1,9,0.6170833322249915
16291,5,9,0.4119115088509031
16294,13,0,0.5591143354030481
16297,10,9,0.605169289702594
16300,2,0,0.4274365602521934
16304,10,9,0.5696551898701051
16307,6,9,0.4314784410020238
16311,2,0,0.5695755794158485
16314,1,9,0.527427428192361
16318,6,0,0.4423560869112475
16322,5,0,0.4301776703123839
16326,13,0,0.29599127250427526
16327,10,2,0.5077519593545877
16330,5,7,0.39645437656673055
16333,10,5,0.5759915442329229
16337,10,5,0.5649234649658028
16340,1,7,0.5004557119288385
16344,5,0,0.41977651225001156
16347,10,9,0.5218879023211728
16350,6,9,0.5449349904383932
16354,10,9,0.5942916368873954
16358,1,9,0.5157719045411844
16362,6,0,0.42590663846787835
16366,1,5,0.5260065649564509
16369,6,9,0.45439173925621534
16371,6,9,0.3972745632440332
16374,10,9,0.5295230413042026
16378,1,9,0.5442246550228017
16381,1,9,0.6020942122876318
16385,13,9,0.5275963083628044
16388,6,9,0.3962425533658843
16391,13,8,0.6228230548022862
16395,10,5,0.5122244737944517
16399,10,9,0.5474945775678799
16401,10,9,0.6404668342960312
16405,13,8,0.43682108624494176
16409,10,9,0.5985075953749707
16412,7,2,0.5321247208766149
16420,10,8,0.6122104685568022
16424,1,8,0.5071583688290457
16428,10,9,0.5790441291433985
16432,1,9,0.5407213146778448
16436,6,9,0.4370123159821885
16439,1,8,0.5191136925021712
16440,10,9,0.5617937051055852
16444,5,0,0.6061649909634268
16448,5,9,0.6002799992019211
16451,10,9,0.47719988646264333
16455,1,8,0.6027341881736938
16459,1,8,0.639490819445744
16460,4,2,0.5719474836075052
16464,1,9,0.5081490788182376
16468,13,0,0.6518832678125832
16471,13,0,0.7403309380279373
16475,13,0,0.7353747532172741
16476,5,0,0.6436669115462272
16480,4,9,0.5961024455928804
16484,4,4,0.589294596414137
16488,0,0,0.6853291122860818
16491,13,0,0.6856987004235559
16498,1,0,0.4114430094318944
16501,6,0,0.7224334075422632
16505,4,4,0.5554037916193445
16509,13,0,0.38112121685991945
16512,13,0,0.696794426925031
16513,5,0,0.3142503831608734
16517,1,9,0.6868048044856832
16520,11,9,0.48402715278749475
16523,4,9,0.5420943911174958
16526,13,0,0.7567274002218873
16528,6,0,0.29462520543867043
16531,13,0,0.7824940324718843
16534,13,0,0.4602806867314359
16538,6,8,0.45812000931900065
16541,1,9,0.5462348999126005
16545,1,8,0.5661726623417452
16549,1,0,0.6463985308835842
16552,6,8,0.47976068567092817
16556,11,1,0.536986790250639
16560,6,0,0.31052742370630304
16564,0,0,0.6897930197687749
16565,13,0,0.5870292077940951
16568,6,0,0.40762793820807675
16571,11,2,0.5098202700032213
16574,0,0,0.7052708740270479
16578,4,9,0.6029133588631707
16581,5,9,0.4826590263549059
16584,13,0,0.6802135531097219
16588,1,9,0.6179712338670897
16591,11,2,0.5937563872746869
16594,6,0,0.30211853112315346
16597,6,8,0.45552101121746036
16601,2,0,0.6179595565895023
16604,11,2,0.5704401116768039
16608,11,2,0.5974950757088208
16612,1,9,0.4974000474377565
16619,6,8,0.4338653038699061
16623,4,8,0.5750248131805964
16626,6,0,0.3003308660981254
16630,6,9,0.3946187096536603
16634,13,0,0.3544449789943808
16638,4,9,0.5297167273499588
16639,13,0,0.7219472576471866
16643,11,2,0.5742486832657885
16647,2,0,0.31304245297824285
16650,13,0,0.6973084224581204
16654,4,2,0.6100344952814468
16658,4,9,0.5900392658855327
16659,2,9,0.5670647691513289
16663,4,2,0.5673479769966886
16666,11,2,0.5843924968092111
16670,13,0,0.3414718583152867
16674,11,1,0.5655067983560612
16678,1,9,0.4746651607097315
16681,2,0,0.42216633535467557
16684,13,0,0.3198939770239665
16687,11,2,0.5361052017729703
16690,1,9,0.4633058505611869
16694,5,9,0.5701587517770809
16696,6,9,0.5786302328975169
16699,0,0,0.3150138563669173
16702,1,9,0.5586423386073375
16706,4,9,0.5542856154569545
16710,4,9,0.5730417009272043
16713,1,9,0.5226313053957226
16717,5,9,0.5801892015739704
16721,5,0,0.6186639350372265
16724,5,0,0.3455016459815233
16727,2,0,0.5923246089519563
16731,2,0,0.43841411807319286
16735,1,7,0.5779792823339418
16738,4,4,0.5659933910991062
16742,13,0,0.39715876922759713
16746,6,9,0.4474807734876486
16747,6,0,0.29659137031780347
16751,1,9,0.5179742113277133
16755,11,9,0.503046749232383
16759,1,9,0.47108273731364436
16763,4,9,0.5850819023019505
16766,5,9,0.5759605487596764
16767,6,9,0.4520411925255227
16770,11,2,0.5756456954567357
16774,13,0,0.2961776214775521
16778,5,8,0.568621047069972
16782,5,9,0.5362714716449223
16785,13,0,0.6956438455533208
16789,6,9,0.4314841877547957
16793,5,9,0.36589902773806693
16795,5,8,0.46736035092042605
16798,5,8,0.5821978471673126
16802,13,0,0.3665721077725374
16805,6,9,0.4978544681220582
16808,5,8,0.34444727565130445
16811,7,2,0.5018621781883033
16814,1,8,0.5775707041839764
16817,13,0,0.6616261957219995
16821,1,9,0.5342100804187866
16824,1,8,0.5982707160400136
16828,10,9,0.5829464983925488
16831,11,2,0.6254671308216355
16834,11,5,0.6245229577166329
16838,2,0,0.35549714545494515
16842,11,2,0.4989686264755818
16844,2,9,0.5005884084675333
16847,10,9,0.5299612101130934
16851,11,2,0.6687289165122713
16855,11,5,0.511353213563932
16859,2,0,0.6813179660449251
16862,5,0,0.6795001032020155
16866,13,0,0.3398774045588183
16870,2,0,0.3998577497816589
16874,1,5,0.6482080064549675
16877,4,9,0.564939245436322
16881,0,0,0.33219863532195715
16885,7,2,0.5722825748697913
16889,1,9,0.5180538201472632
16892,13,9,0.6007212405863321
16895,1,9,0.677204025435022
16898,3,9,0.4735542660194226
16900,1,9,0.47252043889761247
16903,7,8,0.5687004818913223
16906,1,9,0.631791446442168
16909,13,0,0.2818970208638498
16912,7,2,0.5416998558572682
16917,6,9,0.4006724385014949
16921,7,8,0.5654689453415737
16924,13,0,0.5491306253753072
16927,10,4,0.550161200050129
16931,6,8,0.42924208414051346
16935,6,9,0.5824145284048654
16939,1,9,0.53935404189589
16942,1,9,0.6276004460223279
16945,1,9,0.48545932252376156
16948,13,0,0.3194314764805153
16952,1,0,0.6579855682902138
16955,7,2,0.5751261509749668
16958,10,4,0.5418023550479266
16962,11,2,0.5416297093908697
16966,10,2,0.4602108892248645
16968,1,7,0.4597719869170101
16971,13,0,0.27562198408400573
16974,6,8,0.4973136847802464
16977,1,9,0.660436175130025
16980,1,8,0.5659156887399559
16984,5,0,0.6969414299312159
16988,13,0,0.711472697235171
16992,11,2,0.6078141423158006
16996,1,8,0.588208850732991
16997,1,8,0.4796933303575101
17000,6,8,0.5229145415708836
17004,5,0,0.36821988428808183
17007,6,0,0.37362097767926916
17011,4,1,0.5870775711248354
17015,6,0,0.3890616713711248
17018,13,0,0.3183045340805979
17022,1,8,0.5170593985609188
17026,6,8,0.4822836735161182
17029,6,8,0.32082203193141057
17032,6,8,0.6416290089610768
17036,6,9,0.3797669850381868
17039,1,8,0.5194680236871788
17043,13,8,0.6056039639810846
17046,13,0,0.7720853200675054
17050,7,8,0.5314091008838517
17054,1,7,0.41516238475973766
17058,7,7,0.5632208724504855
17062,6,9,0.44538819625575
17065,6,8,0.4290431241279572
17068,11,2,0.5636303364715963
17072,6,8,0.3828226427253019
17076,7,9,0.5739625392230949
17079,7,2,0.5147915616769524
17083,1,7,0.416121265323341
17087,0,0,0.7066799129383756
17088,1,7,0.5238317920064502
17091,11,2,0.6085834936969147
17095,1,8,0.5432879788483076
17099,1,8,0.5108820339174911
17102,1,7,0.48634197100975496
17106,1,9,0.5824145284048654
17109,10,8,0.5538481263117073
17113,1,8,0.5358407986345548
17117,1,7,0.4994528212918209
17119,10,5,0.5762215112360982
17123,5,9,0.46957698787843405
17127,13,0,0.6769958865753911
17133,6,0,0.42951257512684915
17136,10,6,0.4582312395487781
17138,6,0,0.4632431175251688
17142,13,0,0.3235880278355171
17146,9,6,0.5825741205461981
17149,5,7,0.4490896303242743
17157,1,0,0.6818454094620877
17161,10,5,0.5789877812392263
17164,10,9,0.5310174277284108
17171,6,8,0.44069075283143355
17174,10,5,0.5894252693350905
17178,6,6,0.605430950521296
17181,1,7,0.5040499261284219
17183,10,9,0.554308777634717
17187,9,6,0.5679803074955572
17191,10,8,0.4649320270531114
17199,10,4,0.5204974294113714
17202,10,5,0.5766199518131535
17206,1,7,0.4993164244790623
17210,1,8,0.5656840805639475
17214,9,0,0.3537500834800169
17218,9,0,0.35755033889271615
17221,1,5,0.5256345198292849
17224,10,9,0.5607705606002842
17227,0,0,0.6546908492919196
17230,13,0,0.6227353685872655
17234,10,9,0.5675915073612459
17237,13,0,0.6063618551685672
17240,5,9,0.4700172840851782
17241,10,5,0.4805546039921641
17244,6,8,0.6038818142043155
17248,10,5,0.5447722775153576
17252,1,7,0.4830301779605459
17256,1,7,0.47777728902318095
17259,1,9,0.47115651753920174
17260,10,9,0.4972550323713067
17264,9,9,0.5775924136234737
17267,10,9,0.5496634049926413
17271,13,0,0.6848514710647229
17274,3,0,0.42755678235168665
17278,1,9,0.529231828078837
17281,13,8,0.44426032265517346
17284,10,9,0.47802401830752606
17288,4,9,0.5754667311643306
17291,12,7,0.64223243155549
17298,13,0,0.7172886542080065
17305,1,9,0.6267686867083314
17306,12,7,0.6505146609819883
17317,12,7,0.48519270182792185
17321,1,9,0.5451781129857818
17325,1,9,0.5842745932370742
17332,12,9,0.5749876281382638
17335,1,9,0.46579073297801277
17339,12,0,0.6933118070734715
17343,12,9,0.44188356908628856
17345,1,9,0.512698732218661
17348,13,0,0.6495295967180372
17356,1,7,0.6895413995249375
17359,1,9,0.5232362038506634
17360,12,9,0.458827289895021
17363,12,9,0.6268423332509377
17373,13,0,0.7432231249827772
17376,1,9,0.4657691391960842
17379,13,9,0.6147940714122897
17383,4,9,0.5976230123686014
17386,4,2,0.5985545688437646
17390,6,0,0.33464882101423443
17394,4,9,0.577569961503405
17398,6,9,0.4403063653108242
17402,6,9,0.4723615197929518
17406,1,9,0.5343489234740026
17407,6,9,0.4666984191484851
17410,10,9,0.6293509897285666
17413,1,9,0.5933953468182439
17416,1,9,0.5525408427094552
17419,2,9,0.4960325576854425
17423,2,9,0.3245965499976041
17426,6,9,0.4420309857034349
17429,6,0,0.31489759560250763
17432,1,9,0.6491713801321101
17435,7,9,0.5830617173206213
17438,11,1,0.5904359457132576
17441,4,2,0.5886989614608411
17444,6,9,0.4522068009848871
17448,11,2,0.6009365591641052
17452,1,9,0.5220083513224201
17456,11,1,0.52505460962632
17460,4,5,0.6055365740194315
17463,1,9,0.6407977280515103
17466,1,7,0.5185109660086203
17470,6,9,0.41792504646276507
17474,13,0,0.6875176287582618
17478,2,0,0.311172174203595
17483,11,1,0.5863505444834032
17487,1,7,0.5315098449358634
17490,1,9,0.5622533270914614
17496,6,9,0.4246427932846311
17499,13,9,0.5788211003157592
17502,5,0,0.5728649736344518
17506,10,9,0.5677074928648771
17509,6,9,0.4287224047095076
17512,10,9,0.5719946873454961
17515,1,9,0.6183936067057934
17518,6,9,0.45281381196018045
17522,6,9,0.5757983405520473
17526,13,9,0.4053330280986981
17530,3,9,0.5274803116905653
17533,6,9,0.4431453815066449
17537,6,9,0.6140467388038731
17541,10,9,0.6045996112523842
17545,6,0,0.6448181859882345
17546,1,9,0.6123303174844201
17550,0,0,0.28142535325119733
17554,10,5,0.5678917854089618
17557,1,9,0.5888507546465015
17560,6,9,0.4864792204551044
17564,13,0,0.39827529474781437
17568,6,9,0.5594882187929484
17572,13,9,0.42316454980619445
17575,1,9,0.5974672774476734
17578,6,9,0.48491552334343013
17581,10,9,0.5612420479139597
17584,11,1,0.5603491481743377
17588,11,1,0.5692053260273927
17591,11,9,0.5395642965345244
17594,13,9,0.5665228880342014
17598,1,7,0.48921287702724126
17599,5,7,0.5423597713147238
17603,0,0,0.8037468956334685
17606,6,9,0.4167508445208602
17610,11,2,0.5176595825472452
17614,11,9,0.5149287900515336
17617,0,0,0.6941199203992741
17621,1,9,0.6050856049337796
17625,6,0,0.3073256394947951
17629,11,9,0.49073536074099344
17633,13,9,0.6742094582566417
17636,4,8,0.6134301997646661
17639,4,9,0.6092288535873199
17642,6,0,0.42893971129909636
17646,0,0,0.3147956188430609
17650,4,0,0.5998086173059698
17654,0,0,0.7079278112662505
17658,5,8,0.5522281940929273
17662,5,0,0.7013082610155709
17665,1,7,0.5228563739418891
17669,4,5,0.5837603697911743
17672,0,0,0.6461354231078268
17674,1,5,0.5375764804836716
17678,5,8,0.4733628650014134
17682,4,8,0.5965930227146182
17685,0,0,0.3076203416465334
17689,1,7,0.4777644815533987
17692,5,0,0.6709831920629425
17696,10,3,0.49771791580034874
17700,10,5,0.5209651644225826
17703,13,0,0.6942016446583624
17706,5,0,0.6584365211894057
17710,4,8,0.5955209409650882
17714,1,9,0.5234193774241552
17718,12,9,0.5840842683978691
17721,1,9,0.5001584376814842
17724,7,6,0.5852630624303068
17728,12,8,0.4354677000286436
17731,1,9,0.5115006052700787
17736,1,9,0.46035189158781903
17740,12,0,0.35773406039983646
17743,12,7,0.5374736557517182
17746,1,7,0.48505996563847753
17749,12,7,0.6772960494111346
17752,13,0,0.6202093707007259
17756,1,7,0.5212256060654104
17759,3,9,0.47923007060958767
17763,1,9,0.5091325642999937
17765,1,9,0.4984345073187844
17768,14,0,0.6968311454538992
17771,12,9,0.6009829777215625
17775,1,7,0.4854161144920921
17778,1,9,0.4818537060209712
17781,1,7,0.44924660284798246
17785,13,0,0.6907931674342394
17789,7,9,0.5816983513643412
17793,2,0,0.3940629310817333
17797,7,9,0.5952872994357555
17800,7,2,0.5911487455004902
17804,10,9,0.44926735137223
17807,7,6,0.5829474939327306
17811,7,9,0.5898288256370088
17814,0,0,0.29140983382546626
17818,0,0,0.31373563257063286
17820,10,9,0.6414014250325689
17823,2,0,0.33801398563564466
17826,11,2,0.6237456723627108
17830,13,0,0.6524412756504268
17834,1,9,0.653472623244756
17838,4,9,0.6251027783868413
17839,13,0,0.6948774206597983
17842,10,9,0.6347818852155465
17846,2,0,0.32561760837541703
17850,2,0,0.6718883931720758
17854,13,9,0.6154237999232071
17857,1,9,0.5807717631428486
17861,13,0,0.32790380758964666
17863,5,0,0.31584770478813007
17867,10,9,0.5916668846064967
17871,1,7,0.4373288314308098
17875,11,6,0.6371725493113243
17879,11,9,0.6566651327040562
17883,6,9,0.48630110048383396
17886,2,0,0.372529251196532
17890,2,0,0.32657749636674427
17893,11,2,0.5953876101671128
17897,13,0,0.6730178896371999
17900,6,9,0.5807966399742218
17904,10,4,0.5700607962514054
17912,6,9,0.6070293444824209
17916,6,9,0.4973133815806927
17919,6,9,0.4795604843186988
17923,1,7,0.49927237612223413
17926,10,2,0.5579131807197164
17929,7,9,0.5699299801415365
17930,10,2,0.48043404481070584
17933,6,9,0.5795072989610823
17937,1,9,0.49941254241305566
17940,11,2,0.5800424694287032
17944,13,0,0.6835231429615523
17947,10,9,0.5982514074893405
17948,1,9,0.5794790897009453
17952,11,2,0.5289043237280961
17955,6,9,0.49254044756651827
17958,7,5,0.581833895811882
17962,13,0,0.7256363265004191
17966,6,8,0.6210763823055434
17970,10,9,0.4917598732496567
17974,7,8,0.5843903638616073
17977,10,2,0.5640864866618288
17981,1,0,0.35120881843598156
17985,13,9,0.5371677882627133
17988,6,9,0.5818569335900166
17992,10,9,0.4831309046851844
17995,1,0,0.35380453224753083
17998,13,7,0.45037861079666897
18001,6,8,0.4856414705689175
18004,6,8,0.605663309481101
18007,11,2,0.5179545598441614
18010,5,0,0.5901138709803246
18014,13,0,0.7143001642800946
18017,13,0,0.7176005748857329
18020,6,0,0.3784001641545135
18024,1,9,0.477479788957322
18027,6,9,0.6210378402995809
18031,10,6,0.6021656479153021
18034,1,9,0.5603719347867592
18037,6,9,0.40081042408025747
18040,1,9,0.5926200173337549
18043,6,9,0.4249526339521956
18047,1,9,0.5081162542068608
18051,10,4,0.5659933910991062
18055,3,9,0.5029581792884339
18059,13,8,0.5922474895673613
18062,2,8,0.4954998648567818
18065,1,9,0.5258086738418729
18068,4,9,0.6187127544485207
18071,13,9,0.5702864894409779
18074,13,9,0.4158593107879198
18077,6,7,0.4074586538111931
18080,13,9,0.40349910369559155
18084,6,8,0.5342810527992873
18087,1,7,0.5700107601962546
18088,3,7,0.4806162318242771
18091,3,7,0.5514063091379608
18094,4,7,0.5935306946817681
18098,10,9,0.599704523012108
18102,4,7,0.586193599784156
18106,1,0,0.6495973550113694
18108,4,9,0.6103354104089941
18111,5,0,0.453860083904971
18115,10,4,0.5875123629845693
18119,7,8,0.5988432989401569
18125,6,7,0.5777645319129766
18127,5,7,0.4603256636839968
18131,10,4,0.5806870688340832
18135,14,0,0.44227376952163266
18139,10,9,0.5795568250790367
18143,7,8,0.5866376909951632
18146,1,8,0.5257499848042699
18150,1,9,0.5217349470744601
18153,6,8,0.4598433292227001
18157,13,0,0.30549877992137897
18161,10,2,0.5572373461581797
18164,6,8,0.594701342554439
18167,1,9,0.5079095619917742
18168,10,2,0.49581120434504544
18172,6,8,0.5050790331414324
18176,11,2,0.5639617138465222
18180,1,8,0.6465353337146271
18183,6,8,0.5446640838582102
18187,10,5,0.585891259104702
18191,6,8,0.5899828741182985
18194,10,2,0.4803722939333189
18197,6,8,0.41349237651746545
18201,13,8,0.581194028209651
18203,7,2,0.5698820964850098
18206,4,9,0.5674831108817505
18210,1,8,0.6575247439397729
18213,10,9,0.5454575716780623
18216,6,8,0.7083052545600562
18219,1,8,0.4956208216243092
18222,7,8,0.5753021347436893
18225,11,2,0.5911929185519065
18228,1,0,0.3929145676152003
18232,11,2,0.5605529500884614
18236,1,7,0.5269756922859611
18238,7,2,0.5698820964850098
18242,13,8,0.6141206854512735
18245,1,9,0.5121632577098656
18248,13,0,0.3043043285812157
18252,11,2,0.5551109747409728
18256,6,8,0.39653029806803186
18258,7,2,0.4847258518802968
18261,7,2,0.505879337421573
18264,13,8,0.6366065267985485
18267,1,7,0.43874491397838744
18271,6,8,0.3777652765558538
18275,1,9,0.4998317312955073
18278,11,2,0.5237862700875012
18282,1,9,0.6014372672675319
18286,13,8,0.5227870009245347
18290,11,2,0.5795528416753978
18294,13,0,0.7386448941754001
18297,13,0,0.31023852840879185
18301,5,0,0.44174935279098454
18304,0,0,0.6749160464957454
18307,14,0,0.34107504630308705
18310,4,2,0.5704097138747227
18314,1,9,0.6311029192823971
18318,1,9,0.6402871644134112
18321,11,9,0.5718124132933128
18325,1,9,0.5090785312531695
18328,4,8,0.6129479261328032
18332,2,0,0.46462289182293476
18335,1,0,0.5806252535319836
18339,1,9,0.6238954113254386
18347,1,9,0.4978461334107978
18350,5,9,0.40150258102163455
18354,13,0,0.73072933356259
18357,11,5,0.570410017458404
18360,13,0,0.3191324687416042
18364,1,9,0.44056650950553045
18367,1,9,0.4895658010410393
18368,6,0,0.644252862732494
18371,10,5,0.5674411698301166
18374,2,5,0.4904499976036979
18378,10,5,0.5855072004586891
18382,2,5,0.46541040278663903
18386,2,5,0.4540645924745027
18389,2,0,0.3133729537562914
18392,13,0,0.6939013639965261
18394,1,5,0.5257343702796766
18397,10,5,0.5703165029665311
18401,2,5,0.5021231568237812
18405,10,5,0.5403211879272112
18408,10,2,0.5245624939651157
18411,10,2,0.5784113650895308
18413,6,5,0.48991191101604825
18416,2,5,0.44533812523690464
18420,2,0,0.40724460546224284
18424,1,5,0.5191748545001409
18428,2,5,0.5635127712557471
18432,2,0,0.31271730739070347
18435,10,2,0.5806834293191603
18439,1,5,0.5022156465270435
18442,10,5,0.5546769328736523
18446,2,5,0.5444139586917309
18447,2,0,0.4284086112462887
18451,2,0,0.553156463611925
18454,2,5,0.5190983116271316
18458,2,0,0.283861084286941
18461,2,5,0.5488141711724621
18465,1,5,0.503795207178529
18467,10,2,0.5498624324728303
18470,7,5,0.47191531853240926
18474,1,5,0.5230462306952242
18477,13,0,0.7446246761764912
18481,10,1,0.5857332850826911
18483,12,9,0.5891121880943733
18486,3,9,0.5119236857199013
18490,3,9,0.4451289084045278
18494,10,6,0.5052488859227638
18497,12,0,0.7609049329237856
18500,13,0,0.7320097597755546
18501,12,6,0.5861224281073495
18504,10,6,0.5519441521365369
18507,7,9,0.5933102671819248
18510,10,4,0.5962017522547316
18513,3,9,0.45318215719036525
18515,3,9,0.47604337735262914
18518,3,9,0.47552631836725556
18521,12,6,0.5724948265569141
18524,10,6,0.5011198985827634
18527,3,9,0.5488504912483041
18530,13,0,0.7094535560355706
18533,7,9,0.5978786176323362
18536,4,5,0.5856303330242455
18540,13,0,0.7006329652832217
18543,4,9,0.5732141102838981
18546,11,2,0.540733180571681
18548,0,0,0.7208727129971139
18551,2,0,0.6177294514232979
18554,11,2,0.5762199317374539
18558,1,9,0.48829605452362523
18561,7,7,0.5470749621903184
18564,11,2,0.5726531190869495
18566,4,9,0.6136810011182197
18569,11,2,0.5682764967630309
18572,11,2,0.5544961531903696
18576,13,0,0.31159401850487334
18579,4,9,0.59283817873213
18583,7,7,0.5420656884565054
18586,1,9,0.5349459848036041
18589,11,5,0.5871668501482524
18593,11,2,0.515003788330756
18596,11,2,0.5253232493465507
18599,1,9,0.5441918978408002
18603,11,2,0.5830038493675257
18606,11,2,0.5876136259770812
18608,0,0,0.697066891765725
18612,10,4,0.5324706935191859
18616,10,9,0.5469173726978794
18620,2,9,0.5006398978584721
18623,1,8,0.6006841630524316
18624,1,9,0.4361204828183688
18627,7,9,0.5821007428200173
18630,1,8,0.48219142321735453
18634,2,0,0.29742506003324687
18638,4,9,0.5779718837742557
18641,10,5,0.5448867338000174
18644,10,9,0.5732878276879525
18648,2,9,0.5636395900886234
18652,2,9,0.5516959706224014
18656,2,9,0.4396291883898158
18659,2,0,0.38194634105160347
18663,1,9,0.585293893977917
18666,10,4,0.587165589824578
18672,13,0,0.36156522966084004
18676,2,9,0.5058123395448084
18679,2,9,0.4232169594127596
18682,4,9,0.6179075672817029
18683,10,8,0.5667671037763395
18687,1,8,0.5240792250470426
18691,4,2,0.5954285783047513
18695,4,2,0.6010680155505149
18697,11,2,0.4934951943336854
18701,1,5,0.4946129054405673
18705,10,2,0.5803061920406866
18708,10,2,0.5591571669263359
18711,11,2,0.5014282631811775
18714,1,2,0.5600646414238367
18716,2,0,0.5219170980591362
18720,11,2,0.5991585398154018
18723,10,2,0.5597611276966609
18727,10,5,0.5527793930420936
18731,6,0,0.4493277296196454
18732,1,5,0.5142350131944686
18736,0,0,0.6856688698218686
18740,11,2,0.5576119614349737
18743,10,2,0.5628857947908812
18747,1,8,0.5256234053029736
18751,2,0,0.5604939419788334
18755,6,9,0.4883902741830135
18759,1,0,0.540015740022112
18760,12,0,0.40751323159965813
18763,1,8,0.4964791685763837
18767,13,8,0.5566737950151966
18770,10,5,0.49156221865244476
18773,1,7,0.5182306499005448
18776,0,0,0.30402932524355086
18779,1,9,0.5790447935895933
18783,6,0,0.3054374494773004
18786,0,0,0.3568616771618873
18790,1,8,0.5336042795976192
18793,6,0,0.3223229199491886
18796,10,9,0.5724458134805955
18800,1,8,0.5357902702465511
18803,1,9,0.4484422624902823
18807,1,9,0.4865703209389427
18811,10,8,0.543944472065414
18815,6,9,0.5558533110947754
18818,13,0,0.30747966421780065
18822,6,8,0.5299426608114393
18826,1,9,0.6043475228677597
18830,13,0,0.3295395407822782
18833,13,0,0.6202434981227534
18836,6,0,0.30901979593624307
18843,6,0,0.6368522569728189
18846,1,9,0.5508733988998008
18849,4,5,0.5907562104871182
18853,13,0,0.6411645814943675
18857,7,9,0.6051213773449547
18858,10,2,0.5145842048512157
18862,0,0,0.7500451261946621
18865,6,0,0.3194536752321797
18869,10,6,0.4689615080456845
18876,6,0,0.4307547739423017
18879,6,7,0.4889904995416654
18882,10,6,0.5739416776275519
18886,6,8,0.6453346417909701
18890,10,5,0.5239607520468301
18894,13,0,0.28067587846385644
18898,1,8,0.547166036083243
18901,3,9,0.6050200467647605
18904,7,9,0.5830422403531058
18907,1,7,0.5051162274946291
18911,13,8,0.5719049208866944
18914,6,9,0.45069887120213625
18917,1,8,0.511015189949876
18920,6,8,0.5064802154214411
18924,1,7,0.6098103551732468
18928,10,5,0.5739404098920043
18932,1,7,0.44802471835140145
18936,13,0,0.7574842346188554
18940,13,0,0.7186491889386959
18943,10,9,0.5417442730420456
18944,11,9,0.5670601315184163
18948,1,9,0.5335743228360257
18955,1,8,0.6625840426542104
18958,13,0,0.7209783928610516
18959,7,8,0.5738790305401971
18962,6,9,0.4956528464712658
18965,11,2,0.5609359210845819
18968,6,8,0.5518618722039136
18972,6,8,0.5050995170873709
18973,1,9,0.5117072179857926
18977,13,8,0.5959166670199183
18981,14,8,0.5933846355913913
18985,1,8,0.5417067203809746
18989,1,8,0.6326872429394574
18992,1,9,0.4793738319126507
18995,13,0,0.6231909096284663
18998,1,8,0.5144178032154134
19002,1,8,0.5251621245796365
19006,0,0,0.7297666270936694
19009,1,9,0.560652098059568
19010,13,9,0.4412027905202752
19014,1,0,0.619673020993827
19018,7,7,0.5866602374804346
19021,1,8,0.4400064544547081
19024,1,9,0.5909135152729019
19028,13,0,0.6857067046499586
19029,0,0,0.387822182469715
19030,10,5,0.5580231090583754
19033,13,0,0.3193438815215701
19037,6,5,0.5450028000183971
19040,13,0,0.32883464648588867
19043,6,9,0.5057068712550256
19046,1,9,0.5849215819991016
19050,10,2,0.570574139614475
19054,13,0,0.7114249628365994
19057,5,0,0.28351588540368877
19060,10,2,0.5677111292168332
19064,10,2,0.5725742759275244
19065,2,0,0.3953685494925411
19068,0,0,0.7201794871839629
19071,5,0,0.5832367093522367
19075,6,9,0.5414888615307594
19078,10,5,0.5783583638025439
19082,6,5,0.6022307589669786
19083,2,9,0.5485392667185275
19087,4,9,0.5808862540862703
19090,1,0,0.6403581903747063
19094,2,9,0.4367585029782698
19097,1,9,0.5421095119617649
19104,2,0,0.48639468247807377
19108,2,0,0.4184647150323675
19109,1,7,0.5123004177165946
19113,1,9,0.5270216466522464
19117,1,9,0.5867829928010748
19121,13,0,0.6503525830432895
19124,12,9,0.6337113689256596
19128,1,7,0.4819564105454317
19129,3,0,0.4278708830483029
19133,12,9,0.5840842683978691
19136,6,0,0.6021991501017027
19140,1,9,0.5237653908649391
19144,1,0,0.642131951940876
19147,13,8,0.6419381994570241
19151,12,6,0.6011705404763801
19153,13,0,0.6184299772978683
19156,1,9,0.5592994584338375
19160,14,0,0.44852007636898805
19164,1,7,0.621537854931504
19167,1,9,0.4531448343382158
19171,12,9,0.6470515543120869
19175,1,6,0.5208963214640703
19179,1,7,0.5867027647027385
19182,13,0,0.5805632083071292
19186,10,6,0.5936721613983479
19189,0,0,0.3200151345668105
19192,1,9,0.5215488621236589
19195,1,7,0.6234762785083421
19201,12,0,0.34133208198573706
19205,1,7,0.4992668032876324
19208,13,0,0.3057619479731313
19211,2,7,0.4354058852475403
19214,10,6,0.5488017279891374
19217,1,7,0.5217207217085988
19219,1,0,0.6748396421163778
19225,1,9,0.47338263500856337
19228,1,7,0.5046093827313733
19231,10,0,0.6090973300616661
19234,12,0,0.3990910040117638
19236,7,4,0.6117694763720894
19240,1,0,0.4379767323198025
19244,6,0,0.41620351323078286
19248,5,0,0.4011865936463746
19252,6,9,0.5058600240826211
19255,13,0,0.6041786998314098
19259,10,4,0.5313545884702932
19262,5,9,0.4138137784371153
19264,1,9,0.5296671229025334
19268,6,9,0.6050856049337796
19272,4,9,0.6156131713097783
19276,6,9,0.5727955939622236
19279,10,9,0.6372819668697829
19281,1,9,0.5398868416137214
19284,13,0,0.6534681094747483
19288,1,9,0.4251092270921494
19292,6,0,0.36237799835527107
19296,1,9,0.5428641833861183
19299,10,9,0.6632008241128174
19301,8,0,0.29691540213290324
19305,2,0,0.3825498170912932
19309,13,9,0.5801388800865245
19312,13,0,0.696786438881426
19315,10,9,0.6217345196260987
19319,1,9,0.6190610071056762
19323,4,9,0.612930935285388
19326,6,9,0.5604288325352673
19330,1,9,0.6512483019811015
19333,10,9,0.6567392963829939
19337,1,0,0.7150888594399303
19338,1,9,0.5480914247097408
19341,4,2,0.584250580546351
19344,11,2,0.47822679089423104
19351,13,0,0.3510321451767582
19354,11,2,0.5149480047361529
19357,11,2,0.5160301042396702
19360,6,9,0.46567252886614674
19366,6,9,0.5282200091104554
19370,11,2,0.5855317424826123
19372,1,9,0.5937054601596984
19375,13,9,0.5866472477126283
19379,11,2,0.5538540596148179
19383,10,9,0.5467094076054748
19385,1,9,0.5755657551393769
19389,2,0,0.3116734062602072
19393,4,9,0.5799982517760677
19397,2,9,0.4583196577243683
19400,4,9,0.5892959040682846
19404,13,9,0.43649758717638454
20000,10,4,0.6166963759150734
20001,9,6,0.6509606486764079
20002,10,2,0.5230706810325501
20003,1,0,0.4595702382652941
20004,1,9,0.5540735956070322
20005,13,0,0.3287587482728035
20006,11,2,0.5345231893379442
20007,1,8,0.43502369890618875
20008,1,9,0.521053821314644
20009,6,8,0.4278458210615031
20010,3,9,0.5310694430400874
20011,0,0,0.7346025404476386
20012,7,5,0.6201159102312486
20013,2,0,0.7087772803077901
20014,11,2,0.503967532542932
20015,1,9,0.5514327715963974
20016,5,8,0.44047396334568323
20017,1,7,0.5466716876482423
20018,0,0,0.29800128952873367
20019,1,9,0.5301402154087163
20020,1,9,0.5828315276235827
20021,4,8,0.575424544436666
20022,6,9,0.5587226908308724
20023,12,9,0.642806086906634
20024,5,8,0.5513059876727737
20025,11,1,0.5402945639128808
20026,6,8,0.46787835217486706
20027,2,0,0.6543145544186623
20028,1,9,0.5300715940352814
20029,7,9,0.5306329816796619
20030,1,9,0.5440013188989087
20031,13,0,0.5889176790871209
20032,6,8,0.45057431367760226
20033,1,9,0.5315104801026875
20034,5,0,0.6844263338643053
20035,10,9,0.612895736818517
20036,1,8,0.5511381214887315
20037,10,4,0.5909135152729019
20038,13,0,0.7589599079321727
20039,1,8,0.6445903120890147
20040,1,9,0.6569150018303106
20041,4,9,0.5818033576704318
20042,6,9,0.398032980087921
20043,2,5,0.47879581039593455
20044,2,0,0.41107943016286286
20045,6,9,0.589599487990416
20046,6,9,0.45372189238333827
20047,6,8,0.4188114023345242
20048,5,8,0.5407411601581696
20049,13,0,0.6096971009619823
20050,3,5,0.5332206419621552
20051,11,1,0.5776063702624868
20052,10,8,0.5067528717106313
20053,12,8,0.5556763936456482
20054,10,9,0.4833721332622981
20055,2,0,0.42768270065809444
20056,13,8,0.45755195121920456
20057,1,5,0.4571003993806177
20058,1,5,0.46360610727881013
20059,5,9,0.5281914893045636
20060,5,9,0.44627767948943803
20061,13,0,0.7148949296737597
20062,2,0,0.30480132311161673
20063,1,9,0.5020995684896299
20064,13,0,0.6929914153669942
20065,13,0,0.4754594178084394
20066,1,9,0.540922886320209
20067,13,9,0.44601646483565904
20068,6,5,0.6323447336346231
20069,13,0,0.700979415497843
20070,2,0,0.4494483667435917
20071,1,7,0.5025958438100773
20072,6,8,0.5370080398361227
20073,6,9,0.42026890574367903
20074,2,0,0.6241414673996993
20075,1,8,0.5374825050956764
20076,1,9,0.4768232101737171
20077,1,9,0.5908821654177129
20078,5,0,0.4360053029039245
20079,4,9,0.6508452201083255
20080,13,0,0.6438931949577202
20081,13,0,0.3296313014430169
20082,13,0,0.33599255875686984
20083,4,8,0.5359287362470662
20084,1,9,0.5680684399853445
20085,1,5,0.5261430547692225
20086,6,9,0.5292490899256739
20087,1,8,0.47789852131315463
20088,10,6,0.5578604433807637
20089,11,4,0.5515271142781036
20090,1,5,0.5584008072998465
20091,6,8,0.5445905386882812
20092,10,9,0.6071908573648491
20093,5,0,0.5544907413977754
20094,13,0,0.3552004140111327
20095,13,0,0.7547826382850783
20096,2,0,0.426816567851803
20097,5,9,0.5098570287698435
20098,6,6,0.6576738763424747
20099,10,9,0.6216698179672754
20100,5,0,0.7145429405904645
20101,3,0,0.4971019659137086
20102,13,0,0.305253249114283
20103,13,9,0.41025087481784395
20104,6,0,0.6100861910244839
20105,0,0,0.7001193108365226
20106,6,0,0.4997483128468111
20107,6,9,0.5577943353978203
20108,1,7,0.5190178869731729
20109,1,7,0.5036028564141033
20110,13,0,0.3358575352546989
20111,13,0,0.2800588534726004
20112,4,9,0.6081654294895158
20113,1,9,0.5225571280642254
20114,1,8,0.53138883253083
20115,13,0,0.7466991521848115
20116,1,9,0.5303960575693092
20117,10,1,0.5971333513545806
20118,10,8,0.5104537215206414
20119,13,0,0.4126566845238081
20120,3,7,0.5106428789979285
20121,1,9,0.5091547551076082
20122,12,5,0.5043907005129757
20123,1,7,0.5251397536564593
20124,1,9,0.5011045802284174
20125,1,9,0.5885941567377676
20126,4,2,0.5959336883334928
20127,6,0,0.31415511518639555
20128,1,9,0.5158829070104815
20129,1,9,0.5273976891954664
20130,14,0,0.6030612904501866
20131,7,9,0.6139132929160807
20132,1,9,0.6738354609811671
20133,10,4,0.6117511221045618
20134,4,0,0.6160669131231133
20135,6,9,0.4396940226736157
20136,2,5,0.6193897874048685
20137,0,0,0.3294774032047778
20138,5,8,0.57837939868982
20139,6,0,0.31516086463771487
20140,13,0,0.2878592011896742
20141,13,0,0.6265238146634861
20142,11,4,0.6121251219398469
20143,13,8,0.6613675063920827
20144,1,8,0.5913510090753394
20145,11,2,0.5595853063414409
20146,4,8,0.6026831919338412
20147,2,0,0.3728925875005106
20148,7,5,0.5156113570397478
20149,13,0,0.7431124324853353
20150,10,6,0.597613070390629
20151,13,9,0.5875504422343215
20152,1,0,0.45274920273057123
20153,3,9,0.48186519413497475
20154,6,0,0.4214823454021539
20155,5,0,0.3880359440747795
20156,6,7,0.44314300232385495
20157,13,9,0.434161648518211
20158,1,9,0.6215034987879158
20159,6,7,0.43459365513924
20160,2,0,0.3364573225793597
20161,4,9,0.5358299299262876
20162,13,0,0.7397225191539449
20163,9,9,0.5066574775900613
20164,7,2,0.5231368203967809
20165,4,9,0.5853213224164155
20166,1,9,0.5157674244148794
20167,1,9,0.49286290435126034
20168,10,6,0.6168162435957318
20169,6,8,0.5457675465756039
20170,1,9,0.5160913813525304
20171,6,9,0.4898399245075521
20172,7,2,0.5110096301726298
20173,10,8,0.5609912486884543
20174,6,5,0.6277340197457568
20175,4,0,0.6148604898629034
20176,2,8,0.6091499891880542
20177,1,9,0.48056176653167054
20178,4,9,0.5785478081297251
20179,12,5,0.5679181224306944
20180,6,0,0.41346913236810834
20181,1,7,0.5342771406843327
20182,1,9,0.5231102278246023
20183,13,0,0.6645701309126257
20184,6,9,0.45320367128463024
20185,6,8,0.49897506070536024
20186,2,0,0.3609398352064932
20187,13,0,0.3293759307651256
20188,13,0,0.7138996700758872
20189,2,9,0.4411811049669213
20190,13,0,0.33985929719169833
20191,1,9,0.420713853456832
20192,13,0,0.6903443194953102
20193,13,0,0.5739836050248242
20194,13,0,0.4390847980469148
20195,13,8,0.5858260374055437
20196,7,2,0.5332866569583663
20197,1,9,0.5094144189656937
20198,1,0,0.6532932248966762
20199,11,2,0.5496368198429377
20200,11,2,0.5982147027175939
20201,7,8,0.5927600958895349
20202,2,0,0.38920318648639834
20203,6,8,0.3929554468570098
20204,10,6,0.4799036605813961
20205,1,8,0.5241097192281177
20206,6,7,0.5829258155809582
20207,6,9,0.4472407770053348
20208,1,7,0.5595155872523454
20209,5,8,0.6151184869412235
20210,3,9,0.5425202396939889
20211,6,0,0.7447022648079243
20212,1,8,0.48866686890959354
20213,10,4,0.5822249448991493
20214,1,0,0.46652226813254555
20215,1,9,0.5236790380453821
20216,0,0,0.2987387087022825
20217,1,9,0.4875938185564281
20218,1,8,0.5360533287917968
20219,6,0,0.6010452281787177
20220,5,0,0.6983901105796712
20221,1,9,0.5252255712689697
20222,13,8,0.6369767374744142
20223,11,2,0.5124629515372852
20224,1,7,0.49918608027866385
20225,6,9,0.4381584868005324
20226,10,9,0.5309146457393484
20227,1,7,0.4674670175098621
20228,6,0,0.4008889407489371
20229,5,0,0.6521466414484497
20230,7,2,0.5021561172664925
20231,1,0,0.40077477919586857
20232,4,2,0.6093317806581994
20233,2,0,0.5359694562993396
20234,10,2,0.5528773689274635
20235,1,9,0.5065793074282485
20236,12,5,0.32779330790202144
20237,14,0,0.41202167513188126
20238,1,0,0.41556629906689213
20239,10,9,0.5832456947887257
20240,13,0,0.3251838893928078
20241,13,0,0.4000502617588102
20242,1,9,0.6452031709544294
20243,1,9,0.5080643495269912
20244,9,0,0.6127766323295725
20245,1,7,0.42093184813197015
20246,6,9,0.3860779456373433
20247,2,0,0.436384736381945
20248,11,2,0.5969894761511819
20249,6,9,0.437370396263965
20250,6,9,0.5702574588924769
20251,10,9,0.6274013346993867
20252,9,0,0.5959601773580894
20253,10,6,0.6153026822948391
20254,0,0,0.730282030063695
20255,1,7,0.44963096018718907
20256,12,5,0.515586815016365
20257,5,0,0.6763787279519038
20258,1,5,0.5356147951194912
20259,2,0,0.545957350358545
20260,1,9,0.5776151591516454
20261,4,9,0.593617034150854
20270,1,8,0.4845831831089585
20272,1,9,0.5778454869900648
20275,5,8,0.4047217912763209
20277,7,9,0.5971662249693868
20280,6,0,0.42548256954660085
20282,6,8,0.4550311881592942
20285,1,9,0.6023967279533828
20287,13,0,0.33612167779296265
20288,1,9,0.6122343003937514
20291,6,8,0.40632655082297264
20293,5,0,0.3486686319510445
20295,1,9,0.4398229415554341
20298,1,8,0.478341463220181
20300,1,9,0.6741854027857991
20303,1,9,0.49544101675312435
20305,1,9,0.5225300747859687
20307,1,9,0.6237281604125962
20309,5,0,0.5955243568856947
20311,1,9,0.665196518457204
20314,5,0,0.7341805023772012
20317,1,9,0.44209000939284127
20319,5,9,0.44208555859393384
20321,3,7,0.524110848800012
20324,0,0,0.7454500879181727
20326,5,8,0.5315329743280325
20328,7,9,0.5880152520011314
20330,10,5,0.6365560339501026
20333,5,0,0.581476239896604
20336,10,2,0.5710729269370829
20337,5,8,0.4316672636933763
20339,5,7,0.5540962186211689
20342,7,4,0.6072136542705242
20344,4,9,0.5565729115793262
20346,6,0,0.42228796517000744
20348,4,9,0.5885791852062018
20351,13,0,0.33658874565283914
20353,2,0,0.5912782577504073
20356,4,5,0.6089418867211654
20357,5,0,0.6293926168064109
20360,5,8,0.5056985526146037
20362,13,0,0.3374126383955035
20365,13,0,0.2798186993781021
20367,1,9,0.5322228204191379
20369,5,0,0.4238491662465378
20371,13,0,0.7280739152853412
20374,0,0,0.6970724274824069
20376,1,8,0.45816942789294135
20377,1,8,0.46338665795138567
20379,6,9,0.42949275527852426
20381,6,9,0.5458981463174327
20383,6,9,0.46601510544300584
20386,13,0,0.6330700854031888
20388,5,7,0.5687757287602707
20390,5,0,0.6763883798880909
20393,0,0,0.33665688888622186
20395,4,9,0.6154806616643156
20396,5,0,0.44639995190215753
20399,5,8,0.3936770024820161
20401,8,0,0.7023713401690295
20403,1,9,0.48983264574881225
20405,1,7,0.5521156012370814
20407,10,4,0.5675705574996379
20410,5,9,0.4248605100707774
20412,0,0,0.33583941844674825
20414,7,9,0.6154806616643156
20415,13,0,0.7380889383622881
20418,13,0,0.7213870322009409
20421,4,9,0.5915080817764924
20423,13,0,0.7202004544773729
20425,13,0,0.27144375685498023
20428,1,8,0.49494853279784645
20430,10,2,0.4740481782905478
20432,13,0,0.6953637903958397
20434,4,9,0.5605817550530705
20435,10,2,0.48221891101983616
20438,6,9,0.41212954669190305
20441,10,2,0.598371188358875
20444,13,0,0.426930302882033
20446,1,9,0.552200074744948
20448,6,0,0.39782325313833555
20451,1,7,0.5182147884359208
20452,5,9,0.4751656758015972
20454,1,7,0.4791522928763795
20457,5,9,0.48248263692009574
20460,1,9,0.5352591530763584
20462,10,9,0.5680362447511791
20464,6,9,0.3669662741618634
20466,5,9,0.5386014717802081
20469,1,9,0.5097823107985688
20471,1,9,0.6578922234173508
20472,5,0,0.41868512478811404
20474,0,0,0.6446783325547993
20476,1,9,0.5639210840279726
20478,1,9,0.5039369510229132
20481,6,9,0.5425174422947585
20483,10,9,0.5642170678522078
20486,5,9,0.4201938441549296
20488,5,9,0.5709937907457883
20490,5,0,0.7113891122124261
20493,5,0,0.7292969221307551
20495,6,0,0.2980908928379623
20498,13,0,0.7249799367542427
20501,7,9,0.5627248443805664
20503,10,1,0.4955421040178174
20505,7,9,0.5671270971602292
20508,0,0,0.3007368371442819
20510,0,0,0.29953106639908444
20512,5,9,0.48010407327104265
20514,0,0,0.6928552230960748
20516,6,0,0.6392512369130159
20519,5,9,0.5745970337414356
20522,5,8,0.42307932819863125
20524,0,0,0.29410985506308857
20526,2,0,0.324773186573992
20528,5,9,0.5916239142762495
20530,7,9,0.5684635118955714
20532,10,9,0.48488142697445963
20534,10,9,0.5893117456874614
20536,6,9,0.5198991672662556
20538,7,2,0.5191380030815459
20540,14,0,0.716452496186549
20543,0,0,0.2978565075318912
20546,0,0,0.6713533040387267
20547,1,9,0.5562516248410776
20549,0,0,0.6898638003022691
20551,5,9,0.5362054425734473
20553,6,9,0.44001155540441095
20556,5,0,0.6290747545177249
20558,1,9,0.5251736246938143
20560,6,7,0.40760659504777774
20562,3,0,0.44736824832946726
20563,0,0,0.7187709863658318
20566,10,5,0.48722952095617167
20568,1,9,0.5086417240072935
20570,5,9,0.42257109524360514
20572,1,9,0.5484232869788962
20574,13,0,0.5690672709431772
20577,3,7,0.5261580043890991
20579,1,5,0.5352268648938379
20582,5,0,0.3629735239553492
20584,10,2,0.5915336190583518
20587,1,9,0.5326420829469567
20589,13,0,0.6017184722849318
20592,2,0,0.616572094508268
20594,13,9,0.3895069611008015
20596,10,9,0.5486313311144189
20599,10,5,0.5217968254033861
20601,1,7,0.5124400141869007
20603,5,9,0.4094491305144615
20606,13,0,0.3174838179097551
20609,1,9,0.5150667244261538
20612,13,0,0.6857074986451643
20614,13,0,0.7166418616875623
20616,13,9,0.4363561945392749
20618,4,9,0.5872413371752755
20620,5,9,0.48024158670648665
20621,1,9,0.5127989594930132
20624,0,0,0.28469673249817984
20626,6,9,0.6227847845826873
20628,5,0,0.3845327657105987
20630,6,9,0.6215034987879158
20632,0,0,0.7176741285394987
20634,6,9,0.5988614786289017
20636,0,0,0.6860001425848651
20639,5,0,0.45180027708626636
20640,6,0,0.40850268306145154
20642,6,9,0.5031501662175742
20645,6,9,0.38878984242395653
20647,1,7,0.5147040558668924
20649,13,0,0.32608388881480665
20651,0,0,0.694848126075492
20654,13,0,0.7532654000266197
20656,10,5,0.4638168969865961
20657,1,9,0.4921377045640569
20659,5,0,0.38122313436917676
20662,1,7,0.5696805953762459
20664,5,8,0.5392064012808487
20666,5,0,0.42161724230684916
20669,5,9,0.47660710616450375
20672,10,9,0.5013073501576033
20674,5,0,0.4537379666790088
20676,10,9,0.5150989036676501
20678,1,9,0.549201243287968
20681,1,9,0.5549205292215544
20683,0,0,0.27312543890693586
20686,1,9,0.47174484764787494
20688,9,0,0.6054249268209577
20691,1,9,0.5402640757231961
20694,1,9,0.5854960632427524
20697,0,0,0.7244498093122163
20700,0,0,0.7276430503983023
20703,0,0,0.3011387684035498
20704,5,9,0.45741902182650185
20706,3,9,0.49689922174537027
20709,1,7,0.4939889584577409
20712,10,2,0.5766622119480038
20715,1,0,0.40237674389982936
20718,2,0,0.37762834468606016
20720,13,0,0.4115148605082274
20722,6,0,0.3921917793440276
20725,1,5,0.5191015065370577
20728,6,0,0.41176157690139176
20731,6,8,0.4078611090245191
20734,1,9,0.49690281398086455
20736,1,8,0.602636720092183
20737,0,0,0.35638008852686676
20739,1,9,0.5196963767789163
20741,10,6,0.46129748707994245
20743,9,7,0.5495550476735089
20745,5,0,0.5996812997478704
20748,5,0,0.43219158574163463
20750,5,0,0.3969121259820642
20752,1,9,0.5326550599118415
20754,6,9,0.44591862626452994
20756,13,0,0.607548121964198
20758,10,5,0.5645269485442338
20760,1,7,0.535205108902492
20763,1,7,0.503405467854928
20765,7,9,0.593754725701031
20767,13,0,0.577477291647897
20770,2,0,0.6364650252595101
20773,1,8,0.5229278360417048
20775,10,9,0.5795239819585973
20777,6,8,0.5490430871005664
20779,1,8,0.5216094735579653
20782,0,0,0.6889519017282122
20784,12,0,0.37713655490988635
20787,4,5,0.6105999626835289
20789,10,9,0.49765070459405514
20791,4,9,0.6128306960088103
20794,2,0,0.42566186098080694
20797,1,9,0.5234139060597635
20800,2,0,0.3699877963571434
20803,6,0,0.4397297912850504
20806,1,7,0.5725559255089445
20808,6,9,0.4898199864861926
20810,6,9,0.4531483792199166
20813,6,0,0.4519429697495009
20815,2,0,0.6096432163061496
20816,13,0,0.7546693178287969
20819,13,0,0.41750351827645493
20821,2,0,0.5731640366369689
20823,11,2,0.6107390966723859
20826,11,1,0.6042459876609956
20828,11,2,0.4992491763179541
20830,6,9,0.5875818209887466
20833,2,0,0.38628230993661933
20835,13,0,0.3396899840095855
20837,1,9,0.5439847022560961
20840,2,9,0.5314818244244459
20842,13,0,0.6613993062664216
20844,13,0,0.7395856333977255
20846,0,0,0.34512102062796884
20848,2,0,0.3846281700775185
20850,2,0,0.5734957107298605
20853,11,2,0.578023070075651
20856,13,0,0.6810515139648186
20859,4,2,0.5831672598294235
20861,6,0,0.3966687410910973
20864,4,2,0.5312190252279854
20867,1,9,0.5346310457673202
20869,13,0,0.7022119639927865
20870,4,4,0.5778973823678856
20872,6,0,0.4833166855700322
20874,6,9,0.5562594947323265
20876,1,9,0.5123140944971958
20879,1,9,0.5479721800034724
20882,13,0,0.6979902063710487
20884,11,0,0.5007346660324181
20886,13,0,0.6106632520561707
20889,1,9,0.5373113323747711
20891,1,9,0.5046400401283739
20894,1,9,0.5298438499787039
20896,2,9,0.5040341844279654
20898,1,9,0.4975396243642011
20900,11,2,0.615437068446859
20902,13,0,0.4990804919400784
20904,13,0,0.7264136081214948
20906,6,0,0.7005935945878187
20908,6,9,0.48381168100689376
20911,13,0,0.7106398855512988
20913,1,9,0.4860175271259829
20915,4,2,0.6280610093638684
20916,6,9,0.48715096390396306
20918,6,0,0.42824649983618823
20920,6,9,0.42658520367428865
20922,6,8,0.5639879369939044
20924,13,0,0.5538548616913693
20926,2,9,0.5184739920094549
20928,2,9,0.4525671174952399
20930,0,0,0.33315240372403787
20933,1,0,0.6536898708306974
20935,4,9,0.592100492497913
20938,2,0,0.3334666790859125
20941,6,0,0.31719139801733465
20944,1,7,0.545367789966795
20946,7,2,0.5121264834503523
20948,6,9,0.4295103109936077
20951,1,9,0.5258824980514804
20953,2,0,0.5756813679920081
20955,14,0,0.7237799023163962
20957,6,9,0.5506549096556186
20959,7,2,0.5303640303169254
20961,2,9,0.5809627060580902
20963,2,0,0.46422671664652704
20966,6,8,0.4833451297425106
20967,1,9,0.5223689889523576
20969,1,8,0.5343347102017675
20972,0,0,0.44406273070303515
20974,4,2,0.5890329398939795
20976,6,9,0.45288164106249373
20979,1,9,0.4638016228835558
20981,6,0,0.6501497641545174
20984,13,0,0.6935198165118305
20986,13,0,0.7559049194276157
20987,3,7,0.5165608437686948
20989,1,9,0.4999168346499966
20991,10,9,0.4649163296673322
20994,1,9,0.5013843602551531
20997,13,0,0.6537583417091308
20999,3,0,0.5178778831531015
21002,1,9,0.574672407953518
21004,10,4,0.5505746313499962
21006,1,8,0.5241028449071928
21007,6,7,0.5095185690909798
21009,3,9,0.5087496655700045
21011,5,6,0.5925236344656588
21013,1,4,0.4915821083812656
21016,1,9,0.5081639370009731
21018,1,0,0.4234415873301448
21020,1,9,0.5710166817271183
21023,10,6,0.5518024680686854
21024,1,9,0.5566876839920271
21027,1,0,0.5841774859461757
21029,13,0,0.4072006000362358
21031,9,9,0.5251919869279653
21033,1,7,0.5249339620183179
21036,1,0,0.602724695139444
21038,3,6,0.47997192903106245
21041,6,9,0.6067206505637306
21043,1,0,0.3965298453924624
21045,13,0,0.6925582861531593
21047,10,6,0.478726916399386
21049,1,6,0.5342073140353061
21051,1,7,0.47421731977514514
21053,12,0,0.6169094268747064
21055,10,0,0.6287601302145277
